trial,bout,subject,condition,start_idx,end_idx,duration_s,n_strides_left,n_strides_right,dist_left_m,dist_right_m,dist_m,stride_speed_mps,stride_speed_std
1,1,s2,A_holds_box_walks_second,51882,52922,10.4,6,5,6.135869406646844,6.717047847399594,6.426458627023219,0.959626606412689,0.45932142830681305
1,2,s1,A_holds_box_walks_second,54529,55664,11.35,5,5,7.614159857627008,7.267024261108584,7.4405920593677966,1.016287261022034,0.5215260959831747
2,1,s2,A_holds_box_walks_second,59004,60517,15.13,9,7,9.045802972810884,9.850584461392877,9.44819371710188,1.0912661691382994,0.49651666439888487
2,2,s1,A_holds_box_walks_second,67199,68428,12.290000000000001,6,6,10.407281982475078,10.110216141689403,10.258749062082241,1.2192679356629543,0.5416305787864218
3,1,s2,A_holds_box_walks_second,74186,74816,6.3,3,3,3.3756873494972655,3.907958820847195,3.64182308517223,0.8332287524148808,0.5992280692284918
3,2,s1,A_holds_box_walks_second,76140,76991,8.51,3,2,4.235532365183665,4.06585357170099,4.1506929684423275,0.6942750923064788,0.5779827972276946
4,1,s2,A_holds_box_walks_second,82002,82569,5.67,1,1,0.6882147740451862,1.9301000003451836,1.309157387195185,0.0007686088785179013,5.277506918976993e-07
4,2,s1,A_holds_box_walks_second,83925,84681,7.5600000000000005,2,3,1.6742363964508513,1.989356876131501,1.8317966362911762,0.3595226978229744,0.2468670297551824
5,1,s2,A_holds_box_walks_second,88085,88715,6.3,1,1,0.462861268347046,2.0146641623408645,1.2387627153439553,0.2978809471004596,0.23720651981645874
5,2,s1,A_holds_box_walks_second,89598,90322,7.24,2,1,2.527007682934509,1.8094547967471721,2.1682312398408405,0.30472038992724887,0.2129957859246046
6,1,s2,A_holds_box_walks_second,94798,95523,7.25,4,5,3.3869459039914007,3.855487421233169,3.6212166626122846,0.7566552303543206,0.4827764060017852
6,2,s1,A_holds_box_walks_second,97823,98737,9.14,3,2,4.489716878261092,5.106169124585856,4.797943001423474,0.7667849260985838,0.6156951871099364
7,1,s2,A_holds_box_walks_second,101817,103424,16.07,4,4,1.2905118247804936,3.502855755537075,2.396683790158784,0.7542699330264704,0.481736270561183
7,2,s1,A_holds_box_walks_second,104685,106103,14.18,3,3,5.2837824521372925,4.152778144292021,4.7182802982146566,0.6851681131818683,0.4881732494232109
8,1,s2,A_holds_box_walks_second,109412,110358,9.46,3,3,3.150941286147143,3.586135448141248,3.3685383671441955,0.7644838329568043,0.47087234724556426
8,2,s1,A_holds_box_walks_second,113257,114014,7.57,3,4,4.031695565684921,3.9070906862263013,3.9693931259556114,0.5198528337270407,0.4130760251215211
9,1,s2,A_holds_box_walks_second,118867,119876,10.09,7,5,6.364916541028674,7.040233492019562,6.7025750165241185,0.9138849826386554,0.4907528954786908
9,2,s1,A_holds_box_walks_second,121672,122555,8.83,4,4,6.528743369318261,7.318306137534996,6.923524753426628,1.0552621984044703,0.5438470168584916
10,1,s2,A_holds_box_walks_second,125738,126305,5.67,1,1,1.2266086594612704,1.6258814287798031,1.4262450441205368,0.0010886711469482685,0.0006595378897135416
10,2,s1,A_holds_box_walks_second,127251,127912,6.61,2,1,1.9589051606539067,2.3977014330000315,2.178303296826969,0.10017777785717381,0.1385343214015212
11,1,s2,A_holds_box_walks_second,130843,131694,8.51,3,3,3.5090279676532923,3.8980340193330902,3.7035309934931915,0.9026193715592035,0.378911378167512
11,2,s1,A_holds_box_walks_second,133869,134752,8.83,4,1,4.385709648020132,4.550994656075499,4.4683521520478156,0.7316177091200888,0.5964748769947597
12,1,s2,A_holds_box_walks_second,138493,139249,7.5600000000000005,2,1,0.6959908963688863,2.0807466166387045,1.3883687565037954,0.288381561324111,0.40599363892379736
12,2,s1,A_holds_box_walks_second,140163,141991,18.28,3,2,0.7706183364172181,0.30177928853996006,0.536198812478589,0.37432121050291056,0.3163730771240663
13,1,s2,A_holds_box_walks_second,144733,145962,12.290000000000001,6,5,6.593749408014098,6.68890642300823,6.641327915511164,1.024223251792739,0.40717527083714183
13,2,s1,A_holds_box_walks_second,149240,150280,10.4,5,3,7.389624730230454,7.147690573226394,7.268657651728424,1.1327426190824603,0.4416607474989276
14,1,s2,A_holds_box_walks_second,157781,159073,12.92,8,8,9.33549043499324,10.32560025597252,9.830545345482879,1.0989854050699641,0.42944362035342487
14,2,s1,A_holds_box_walks_second,160964,162319,13.55,7,6,10.989157067106937,11.082784333522499,11.035970700314717,1.1838443094401994,0.5176540369054137
15,1,s2,A_holds_box_walks_second,166858,167803,9.450000000000001,4,2,2.7295520116715113,4.1809528888475915,3.455252450259551,0.6794577224560099,0.5807560346509376
15,2,s1,A_holds_box_walks_second,168960,169905,9.450000000000001,3,3,4.383814740960198,4.332914180364576,4.358364460662387,0.75338377404562,0.5423363065728158
16,1,s2,A_holds_box_walks_second,173971,174538,5.67,1,2,1.3899581418983082,1.7860851224411718,1.58802163216974,0.11896893564202321,0.16431224544299042
16,2,s1,A_holds_box_walks_second,175484,176146,6.62,3,2,1.9105503799024535,1.4439223076069803,1.6772363437547169,0.14041984061939097,0.1676338931412141
17,1,s2,A_holds_box_walks_second,181945,183142,11.97,9,9,9.877850007106153,10.763307176423293,10.320578591764722,1.0588599780672137,0.4875662500739584
17,2,s1,A_holds_box_walks_second,185222,186546,13.24,7,7,10.67437563358777,10.949581542692094,10.811978588139933,1.0929454273741364,0.495387251971431
18,1,s2,A_holds_box_walks_second,192156,192786,6.3,2,1,1.3386136699212259,1.6634386764326274,1.5010261731769265,0.0812732326625315,0.11318530911994126
18,2,s1,A_holds_box_walks_second,193921,194583,6.62,1,1,2.7439158382669797,2.0387797317532272,2.3913477850101037,0.002045359003165125,0.0016666187744168138
19,1,s2,A_holds_box_walks_second,198175,199594,14.19,6,5,5.353082962443974,6.804486178982897,6.078784570713435,0.9665359032324354,0.47648347573548455
19,2,s1,A_holds_box_walks_second,200823,202084,12.61,5,4,7.3052338503871255,7.341439482841414,7.32333666661427,0.9822481889437267,0.5263125549526242
20,1,s2,A_holds_box_walks_second,207527,208630,11.03,8,8,10.26617066224545,10.38872646238068,10.327448562313066,1.1188370473559273,0.44430871730909555
20,2,s1,A_holds_box_walks_second,211309,212506,11.97,7,6,10.456392232806555,10.460410000738682,10.458401116772619,1.2227057130573966,0.5461649432612934
21,1,s2,A_holds_box_walks_second,216383,217171,7.88,3,3,3.6291379715969057,3.9376498563052054,3.7833939139510555,0.7596708189459034,0.5397462506914918
21,2,s1,A_holds_box_walks_second,218305,219219,9.14,4,4,4.5049057954325304,4.57991929431367,4.5424125448731,0.5736395807989705,0.46807202431750594
22,1,s2,A_holds_box_walks_second,222897,224032,11.35,6,7,6.5151980892112205,7.2488594837024785,6.88202878645685,0.9094077354988905,0.49931178956231803
22,2,s1,A_holds_box_walks_second,225497,226648,11.51,5,4,7.547622704720141,7.409647429995895,7.478635067358018,0.9674360986678757,0.5244078940900591
23,1,s2,A_holds_box_walks_second,231186,232037,8.51,6,5,6.7175309850594775,6.897273161685386,6.807402073372431,0.8942999050559962,0.5168885863525569
23,2,s1,A_holds_box_walks_second,233676,234811,11.35,5,6,7.277162038475697,7.011322888074885,7.14424246327529,0.7802168772798725,0.5636727919247001
24,1,s2,A_holds_box_walks_second,238561,239334,7.73,4,4,3.756382447145423,4.002557192573089,3.8794698198592563,0.7181607480089495,0.5083513773004665
24,2,s1,A_holds_box_walks_second,240736,241335,5.99,1,4,4.3094519314874,4.400201760320116,4.354826845903759,0.7672500616919391,0.4820420540661849
25,1,s2,A_holds_box_walks_second,245085,246062,9.77,7,5,6.797283321944994,7.281720379068315,7.039501850506655,0.8985297996519711,0.46826862697892213
25,2,s1,A_holds_box_walks_second,247922,248962,10.4,5,5,7.348666538995063,7.5168016680185055,7.432734103506784,1.004034202374138,0.47425805825086415
26,1,s2,A_holds_box_walks_second,252681,253532,8.51,3,4,3.53987971384932,3.8164464837896364,3.6781630988194784,0.7619639454660746,0.5250885321439184
26,2,s1,A_holds_box_walks_second,254761,255895,11.34,2,4,4.002164312680392,4.437251555912849,4.21970793429662,0.6321588853535424,0.49680586917048186
27,1,s2,A_holds_box_walks_second,260150,261474,13.24,8,9,10.301023504601313,10.5732294035441,10.437126454072708,1.0825913052961609,0.411850988496219
27,2,s1,A_holds_box_walks_second,263317,264783,14.66,7,7,11.464006309860487,11.195529898046354,11.32976810395342,1.1855656628545332,0.43366885928891646
28,1,s2,A_holds_box_walks_second,268619,269848,12.290000000000001,7,8,9.742048276349081,10.626195730860974,10.184122003605028,1.1934278380060794,0.34835858014449916
28,2,s1,A_holds_box_walks_second,271739,272937,11.98,7,6,10.84014650355315,10.5598183862401,10.699982444896625,1.1809255861641477,0.527073989031951
29,1,s2,A_holds_box_walks_second,277853,278420,5.67,1,1,1.2356790288270254,1.556988325761108,1.3963336772940667,0.0016283487647489752,0.0004439392294359062
29,2,s1,A_holds_box_walks_second,279650,280406,7.5600000000000005,0,1,2.5625414887486953,1.8614017670062053,2.21197162787745,0.00025169704851987415,0.0
30,1,s2,A_holds_box_walks_second,285134,286205,10.71,10,8,10.489112393952018,10.676074586464134,10.582593490208076,1.04475919213111,0.4511455143976828
30,2,s1,A_holds_box_walks_second,287875,289483,16.080000000000002,7,9,11.001678348412383,10.705157521222887,10.853417934817635,0.9506938414513905,0.5374040181206049
31,1,s2,A_holds_box_walks_second,294589,295439,8.5,3,3,3.0525581061355562,3.979771994113744,3.51616505012465,0.7495157335765864,0.528826350138393
31,2,s1,A_holds_box_walks_second,296007,297457,14.5,3,3,4.724105491864437,5.728070437844862,5.226087964854649,0.7009146539008344,0.4889226117419076
32,1,s2,A_holds_box_walks_second,301072,301576,5.04,1,3,1.5366714437479772,1.9000721147972102,1.7183717792725937,0.2669969109814287,0.3421765068010023
32,2,s1,A_holds_box_walks_second,302868,303341,4.73,2,1,2.231727653359264,2.2163132404927923,2.224020446926028,0.30715938066058474,0.43336130890614866
33,1,s2,A_holds_box_walks_second,307595,308951,13.56,8,7,9.924518201489834,10.127551740285012,10.026034970887423,1.1384469792725052,0.4716940636099746
33,2,s1,A_holds_box_walks_second,310731,312145,14.14,7,6,10.509224168277305,10.573947097072727,10.541585632675016,1.2270097907543354,0.5384354827218943
34,1,s2,A_holds_box_walks_second,316798,317718,9.200000000000001,5,5,5.583374055988244,6.829655466787832,6.206514761388038,0.9835044512955967,0.5013343710943156
34,2,s1,A_holds_box_walks_second,318878,320013,11.35,4,5,7.306574355082966,7.094249936922151,7.2004121460025585,1.0150866474332056,0.544185716016048
35,1,s2,A_holds_box_walks_second,322944,323858,9.14,5,5,6.3340945854019575,6.903056237345414,6.618575411373685,1.0253492665875803,0.5366555539579452
35,2,s1,A_holds_box_walks_second,325119,326442,13.23,5,5,7.469135081107393,7.572990847858721,7.5210629644830576,0.8905350375736905,0.45635904901375424
36,1,s2,A_holds_box_walks_second,329900,331129,12.290000000000001,8,8,9.946870824820081,10.556401544602767,10.251636184711424,1.1195753203055796,0.4307985215625736
36,2,s1,A_holds_box_walks_second,332799,333871,10.72,7,6,10.712445987940306,10.723461041437979,10.717953514689142,1.175899142456121,0.5202806693925905
37,1,s2,A_holds_box_walks_second,338693,339796,11.03,5,7,6.450434707187086,7.286515895171232,6.868475301179159,0.9524024267939525,0.5093938885657563
37,2,s1,A_holds_box_walks_second,341309,342475,11.66,5,4,7.572193919993736,7.345219144257522,7.458706532125628,0.9383923514952506,0.5335751921289402
38,1,s2,A_holds_box_walks_second,345784,346698,9.14,1,2,0.7622113601635643,2.227140895116654,1.4946761276401093,0.5941043754832146,0.24475783196367526
38,2,s1,A_holds_box_walks_second,347486,348148,6.62,2,1,2.064494733510218,3.036847200315006,2.5506709669126124,0.31044782393408327,0.43829577426685357
39,1,s2,A_holds_box_walks_second,351268,352503,12.35,9,9,10.020653072234664,10.576083204048263,10.298368138141463,1.0062507017693365,0.4485646673803451
39,2,s1,A_holds_box_walks_second,354546,355786,12.4,7,7,10.710865890903998,10.421552798006898,10.566209344455448,1.1847860813513678,0.24890587043342796
40,1,s2,A_holds_box_walks_second,359778,360692,9.14,6,8,6.496337980768056,7.020055590962732,6.758196785865394,0.8355627422173227,0.4947209740820696
40,2,s1,A_holds_box_walks_second,362069,363141,10.72,4,5,7.379130594509958,7.321861889268399,7.350496241889179,1.1297306254898674,0.626600813813136
41,1,s2,A_holds_box_walks_second,367301,367968,6.67,3,1,0.49374084482027775,2.1824834923191876,1.3381121685697326,0.2898017042063327,0.37765073371174884
41,2,s1,A_holds_box_walks_second,368877,369681,8.040000000000001,2,1,1.5646153255607196,2.9670854083989986,2.2658503669798593,0.2366717437169231,0.3337189457792989
42,1,s2,A_holds_box_walks_second,372375,372974,5.99,1,1,1.3188008768442727,1.8118716972730773,1.565336287058675,0.0006672870110220482,0.0005170787275900503
42,2,s1,A_holds_box_walks_second,374644,375495,8.51,2,1,1.683601000735719,2.0241563191437137,1.8538786599397163,0.2462892573554861,0.3356067018185193
43,1,s2,A_holds_box_walks_second,378710,379687,9.77,5,8,6.659006298737303,7.267683757598098,6.9633450281677005,0.9110814909314722,0.5296850974168258
43,2,s1,A_holds_box_walks_second,381263,382303,10.4,5,5,7.39244664161081,8.124853259074156,7.758649950342483,1.0178638402395683,0.4787629144708956
44,1,s2,A_holds_box_walks_second,384982,386305,13.23,8,9,10.467276670919423,10.40206582091433,10.434671245916878,1.0645849884089544,0.4256482978704929
44,2,s1,A_holds_box_walks_second,387913,389216,13.030000000000001,7,7,10.588300665778243,10.692687280406597,10.64049397309242,1.0718654935503404,0.45795972801218665
45,1,s2,A_holds_box_walks_second,393608,394112,5.04,4,3,4.021522171501986,4.117535860416371,4.069529015959178,0.7457970015695687,0.5095452064357844
45,2,s1,A_holds_box_walks_second,395341,396161,8.2,3,2,4.380242089605994,4.6152239580543295,4.497733023830161,0.7183807533360675,0.5932900989283452
46,1,s2,A_holds_box_walks_second,399848,400510,6.62,1,1,1.0410199085708451,2.4314873945097064,1.7362536515402758,0.0023827969970668904,0.0016298389760488119
46,2,s1,A_holds_box_walks_second,401392,402212,8.2,2,2,1.733492994295348,1.9137280843230253,1.8236105393091866,0.22258207073361183,0.2873424148094142
47,1,s2,A_holds_box_walks_second,404796,405742,9.46,3,3,0.6674228733651976,3.8039427969990656,2.2356828351821316,0.8481377093764633,0.4854139601599434
47,2,s1,A_holds_box_walks_second,406561,407727,11.66,3,2,5.588862431577228,4.057771298614186,4.823316865095707,0.8212408190330995,0.16929729300573587
48,1,s2,A_holds_box_walks_second,412549,413558,10.09,10,7,10.548584745529963,10.556160461324131,10.552372603427047,1.062608198248535,0.5005430835456446
48,2,s1,A_holds_box_walks_second,422256,423423,11.67,7,9,10.729396792375113,10.757564719820268,10.74348075609769,1.0316104363769079,0.46521965412493527
49,1,s1,B_holds_box_walks_second,455645,456402,7.57,5,4,7.4279463720778285,7.193236234100061,7.310591303088945,1.080445315507439,0.5838534018115662
49,2,s2,B_holds_box_walks_second,457914,458986,10.72,5,6,6.7380549319271505,6.960656117122577,6.849355524524864,0.9694963559968375,0.465482124415974
50,1,s1,B_holds_box_walks_second,466928,468220,12.92,6,7,11.132756696707899,10.834262375184837,10.983509535946368,1.2605515541563461,0.5447597847904294
50,2,s2,B_holds_box_walks_second,471467,472696,12.290000000000001,8,8,10.160173728722832,10.45649407047256,10.308333899597695,1.125748913470197,0.45115322314402995
51,1,s1,B_holds_box_walks_second,476667,477581,9.14,3,2,4.102272981147225,4.212375974074079,4.157324477610652,0.7323349283643225,0.5993268550442811
51,2,s2,B_holds_box_walks_second,479094,479976,8.82,3,3,3.5256410742243367,3.8566929028612846,3.6911669885428107,0.8216528101102066,0.5837446913525162
52,1,s1,B_holds_box_walks_second,483380,484231,8.51,2,2,2.085182392704625,2.378160703981857,2.231671548343241,0.4232984616937868,0.3203850840483793
52,2,s2,B_holds_box_walks_second,484987,485618,6.3100000000000005,1,2,0.9068317645571108,1.9976581525844714,1.452244958570791,0.25520403393648533,0.3604790366911896
53,1,s1,B_holds_box_walks_second,487877,488413,5.36,2,3,2.012863151627405,1.802833898150847,1.907848524889126,0.35061586298176867,0.3086023060981655
53,2,s2,B_holds_box_walks_second,489548,489957,4.09,1,1,1.2676926803232835,1.7759822471793592,1.5218374637513215,0.0003579934271584526,4.4360410099377866e-05
54,1,s1,B_holds_box_walks_second,493330,494118,7.88,5,3,4.539132209586185,4.183768730027927,4.361450469807056,0.6818695624361981,0.5019684569638015
54,2,s2,B_holds_box_walks_second,495536,496261,7.25,3,3,3.53898343230932,3.8887090672484645,3.713846249778892,0.6990407226969088,0.49652769996922613
55,1,s1,B_holds_box_walks_second,500831,501493,6.62,3,4,4.542196688082543,4.2348764414842375,4.38853656478339,0.7410476079057247,0.5278063100471719
55,2,s2,B_holds_box_walks_second,502596,503352,7.5600000000000005,3,5,2.9047477858889548,4.372862288358266,3.6388050371236105,0.7389774018919928,0.5413954105905877
56,1,s1,B_holds_box_walks_second,505842,506850,10.08,3,3,3.6145960182522283,4.116374654813407,3.8654853365328172,0.798602687198943,0.5659122997284156
56,2,s2,B_holds_box_walks_second,507922,508458,5.36,2,4,3.376644903872526,3.895051166053214,3.63584803496287,0.6513221383067934,0.5512512447436293
57,1,s1,B_holds_box_walks_second,512177,513280,11.03,6,4,7.886488076719321,7.513982313197314,7.700235194958317,1.1135444006023607,0.5432239005778751
57,2,s2,B_holds_box_walks_second,514919,515927,10.08,5,7,6.301559051380398,7.259210002304914,6.780384526842656,1.0153194433733936,0.47867955605828777
58,1,s1,B_holds_box_walks_second,518439,519290,8.51,1,1,1.4427992005709716,2.389039885750594,1.9159195431607827,0.0011709519906999795,0.0003554943331054162
58,2,s2,B_holds_box_walks_second,520173,520897,7.24,2,1,1.125763155725527,1.778092761612208,1.4519279586688674,0.1501501196832545,0.18958531309948906
59,1,s1,B_holds_box_walks_second,522915,523828,9.13,3,4,4.824116799924518,4.105093131173739,4.464604965549128,0.6900333207036484,0.5134939636109008
59,2,s2,B_holds_box_walks_second,524679,525562,8.83,4,3,3.4605060494087567,3.851821915847981,3.656163982628369,0.8100937246063543,0.4979540804381441
60,1,s1,B_holds_box_walks_second,528398,528777,3.79,1,2,2.3359626596614387,2.0706293447925286,2.203296002226984,0.17677234956367302,0.24981925422699539
60,2,s2,B_holds_box_walks_second,529785,530447,6.62,1,2,1.4382718274678483,1.7501832860902613,1.594227556779055,0.2796214763271095,0.3951797654746637
61,1,s1,B_holds_box_walks_second,535458,536341,8.83,6,3,7.248309509246147,6.801252462488703,7.024780985867425,1.1712215487394773,0.5532179393560783
61,2,s2,B_holds_box_walks_second,537759,538893,11.34,4,6,6.795876015922382,6.724118858845477,6.75999743738393,1.0149377393813626,0.44678981667709533
62,1,s1,B_holds_box_walks_second,541635,542739,11.040000000000001,7,8,10.911580544030471,10.750873352287277,10.831226948158875,1.1481829661773688,0.53857426901174
62,2,s2,B_holds_box_walks_second,544094,545480,13.86,8,8,7.291528646913058,10.818938509941637,9.055233578427348,1.108872092155417,0.4425859296161194
63,1,s1,B_holds_box_walks_second,549546,550439,8.93,3,3,4.496697843998053,4.1494076501845765,4.323052747091315,0.7292138968979254,0.5187209859528304
63,2,s2,B_holds_box_walks_second,551421,552194,7.73,4,3,3.9207701560006325,3.711215429943023,3.815992792971828,0.7434153841361326,0.5380771940379094
64,1,s1,B_holds_box_walks_second,554895,555556,6.61,2,1,1.9044551882786933,2.468657655733913,2.186556422006303,0.3640117608955146,0.2676433715248689
64,2,s2,B_holds_box_walks_second,556313,556912,5.99,1,1,1.1389891511752737,1.697269419500454,1.418129285337864,0.00135799420659575,0.0004579746932606724
65,1,s1,B_holds_box_walks_second,560588,561839,12.51,7,7,10.817276082941742,10.468339836353218,10.642807959647481,1.249802066805765,0.5688755522261181
65,2,s2,B_holds_box_walks_second,563152,564570,14.18,7,8,7.902449797261866,10.702786592273814,9.30261819476784,1.1545738266650387,0.46883571961761217
66,1,s1,B_holds_box_walks_second,568163,568919,7.5600000000000005,2,2,2.24121417723425,1.4040434716947545,1.8226288244645024,0.36597576961150396,0.37319963983499194
66,2,s2,B_holds_box_walks_second,569865,570590,7.25,1,2,1.2358237573299076,1.8138355309794842,1.5248296441546958,0.3540962832012898,0.4999991069358277
67,1,s1,B_holds_box_walks_second,574309,575317,10.08,7,6,7.086948609515491,8.28592002726932,7.686434318392406,0.9237149713521021,0.5445603976018811
67,2,s2,B_holds_box_walks_second,576389,577870,14.81,4,6,4.582282335174723,7.210881274200075,5.896581804687399,1.1067548015507591,0.38546028223534656
68,1,s1,B_holds_box_walks_second,580612,581652,10.4,7,6,10.693923469509567,10.58446973885634,10.639196604182953,1.2917879617821586,0.5813851682575604
68,2,s2,B_holds_box_walks_second,583007,584237,12.3,7,8,9.886282933825916,10.708775636885738,10.297529285355827,1.1152893718809065,0.43240177134941327
69,1,s1,B_holds_box_walks_second,587001,587757,7.5600000000000005,3,4,3.1494628232716506,4.173195215099732,3.661329019185691,0.8204107263111314,0.5272330414486639
69,2,s2,B_holds_box_walks_second,588356,589553,11.97,3,3,1.5207427865650156,4.125657315861827,2.823200051213421,0.9279155249001704,0.52814871060931
70,1,s1,B_holds_box_walks_second,592201,592989,7.88,5,3,7.178238466570957,7.154002093281858,7.166120279926408,1.1737440934493162,0.4526364067454866
70,2,s2,B_holds_box_walks_second,594092,595069,9.77,6,5,6.614883383968888,6.464892677469604,6.539888030719245,0.978810949372646,0.5630838767359237
71,1,s1,B_holds_box_walks_second,597496,598497,10.01,5,6,8.006790285713516,6.991666238685105,7.49922826219931,0.9102990418774124,0.5089189026414783
71,2,s2,B_holds_box_walks_second,599765,600742,9.77,5,5,5.787537088418011,6.638853620512558,6.2131953544652845,1.0561511521297455,0.5158972180827825
72,1,s1,B_holds_box_walks_second,603831,604429,5.98,2,4,4.3684943066519155,4.336024171881141,4.3522592392665285,0.6706416066731279,0.5153443318637992
72,2,s2,B_holds_box_walks_second,605469,606226,7.57,3,4,3.810993548774421,4.264953756990057,4.037973652882239,0.7852258815911275,0.5328898272898711
73,1,s1,B_holds_box_walks_second,609535,610933,13.98,5,6,7.788241274721153,7.302924602560286,7.545582938640719,0.845062504884195,0.4848087994827054
73,2,s2,B_holds_box_walks_second,613096,614073,9.77,5,7,6.396841036825466,7.275007774687193,6.835924405756329,0.9658912015459151,0.5185163383404697
74,1,s1,B_holds_box_walks_second,616437,617288,8.51,4,3,4.0732861858741085,4.0246546398631455,4.048970412868627,0.6196741069154642,0.4551199145768995
74,2,s2,B_holds_box_walks_second,618350,619233,8.83,3,3,2.6619391158800343,4.031063909780368,3.3465015128302014,0.8189961022761191,0.4652418018549922
75,1,s1,B_holds_box_walks_second,622132,623204,10.72,7,8,11.05319934335955,10.938597836794544,10.995898590077047,1.0204788537594884,0.492532280389523
75,2,s2,B_holds_box_walks_second,624811,626040,12.290000000000001,8,8,9.886960663053507,10.243504891270833,10.06523277716217,1.0708054859911322,0.4198190711031826
76,1,s1,B_holds_box_walks_second,629444,630684,12.4,7,7,10.966310537791388,11.556683901918896,11.261497219855142,1.2778250946694871,0.45490446123797396
76,2,s2,B_holds_box_walks_second,632753,634056,13.030000000000001,9,8,10.489198475303812,10.377117382726409,10.43315792901511,1.0517523424786057,0.47571398482919186
77,1,s1,B_holds_box_walks_second,638773,639246,4.73,1,1,2.142558522995448,1.8006603272498563,1.9716094251226521,0.019051566406248582,0.006054385381741969
77,2,s2,B_holds_box_walks_second,639939,640696,7.57,2,1,1.4438192321685515,1.8531619258656036,1.6484905790170776,0.013607029233247287,0.015768794995177738
78,1,s1,B_holds_box_walks_second,644808,646096,12.88,5,9,10.900250274734315,10.671397428198105,10.78582385146621,1.1978897382695177,0.5457441174514883
78,2,s2,B_holds_box_walks_second,647409,648905,14.96,9,7,9.596332999156356,10.487744510946134,10.042038755051244,1.0877790142197938,0.4704535056762627
79,1,s1,B_holds_box_walks_second,652158,653041,8.83,3,3,4.702386964562404,4.063491753398965,4.382939358980685,0.6693503649766733,0.47930386870771347
79,2,s2,B_holds_box_walks_second,654270,654837,5.67,4,4,4.303848591351517,4.368725185605488,4.336286888478503,0.6828474011786201,0.4653274345712262
80,1,s1,B_holds_box_walks_second,656980,657768,7.88,3,1,2.0752931931258463,1.893263016236131,1.9842781046809885,0.2995733289724008,0.3402456175661622
80,2,s2,B_holds_box_walks_second,658399,659092,6.93,2,3,0.6235285721621491,1.8615880241236136,1.2425582981428813,0.3606067180628068,0.3839074674622478
81,1,s1,B_holds_box_walks_second,662590,663693,11.03,8,9,10.774348156974597,10.216444750796724,10.495396453885661,1.0603298343784235,0.5708305974559024
81,2,s2,B_holds_box_walks_second,665490,666656,11.66,7,8,9.478107943133514,10.166775820120122,9.822441881626819,1.1621708458678741,0.5002731939075088
82,1,s1,B_holds_box_walks_second,670123,670974,8.51,6,4,7.291722426755596,7.165852769870223,7.228787598312909,1.0851827350978571,0.6212365843885853
82,2,s2,B_holds_box_walks_second,671636,673243,16.07,5,4,4.201727536433995,9.700014456092875,6.9508709962634345,1.0895415709851692,0.3845648889670189
83,1,s1,B_holds_box_walks_second,674756,675733,9.77,6,4,6.993444545145122,6.999089400315476,6.996266972730299,1.0963600622428606,0.6301365359960319
83,2,s2,B_holds_box_walks_second,676836,677970,11.34,5,6,7.068759599847449,7.140072181301229,7.104415890574339,1.0074426737071933,0.47455470627600754
84,1,s1,B_holds_box_walks_second,680671,681995,13.24,7,6,9.99170682929093,10.763393348666023,10.377550088978477,1.3405703576237495,0.5551061930785967
84,2,s2,B_holds_box_walks_second,683350,684926,15.76,8,9,10.130997815915013,10.13786685800101,10.13443233695801,1.0870615500532403,0.4542881845431034
85,1,s1,B_holds_box_walks_second,688267,689212,9.450000000000001,5,5,7.461462706762727,7.097016169349041,7.279239438055884,1.0421620152646216,0.6020857503646099
85,2,s2,B_holds_box_walks_second,690725,691828,11.03,5,6,6.299848973045734,6.774381646095407,6.53711530957057,1.0664830501351388,0.5261517669170768
86,1,s1,B_holds_box_walks_second,694759,695547,7.88,2,1,2.087462764672609,3.1139255067703773,2.6006941357214934,0.542428435578398,0.3809444922985793
86,2,s2,B_holds_box_walks_second,696200,696800,6.0,2,1,1.0775369280459794,1.7050781635113395,1.3913075457786594,0.24133256927175958,0.33630022384902036
87,1,s1,B_holds_box_walks_second,699300,700600,13.0,7,7,10.712874229126733,9.849557160818058,10.281215694972396,1.1712534547241031,0.5015023558834301
87,2,s2,B_holds_box_walks_second,702023,703174,11.51,7,9,8.64671938173487,10.544408526489521,9.595563954112196,1.0732039080856932,0.48690200638730824
88,1,s1,B_holds_box_walks_second,706515,707366,8.51,7,4,7.278191083859949,7.080906598795348,7.179548841327648,0.9016056901861599,0.5746329486220682
88,2,s2,B_holds_box_walks_second,709320,710266,9.46,6,7,6.9726307960729965,7.203439423586732,7.088035109829864,0.9446961240890845,0.5256011708238381
89,1,s1,B_holds_box_walks_second,714668,715241,5.73,4,1,1.9621173791423059,1.7116377823969633,1.8368775807696345,0.34439634846835315,0.3388801878995286
89,2,s2,B_holds_box_walks_second,716024,716500,4.76,1,1,1.3172282952040888,1.7526682003203324,1.5349482477622107,0.0002634274145847932,4.84439613974404e-05
90,1,s1,B_holds_box_walks_second,720751,721318,5.67,3,1,2.259663863484814,2.455990637232069,2.3578272503584414,0.3360279064844933,0.4309932738934808
90,2,s2,B_holds_box_walks_second,722422,722926,5.04,1,2,1.6942187568980953,1.804124568549026,1.7491716627235605,0.3396617730116775,0.47919681947614656
91,1,s1,B_holds_box_walks_second,725951,726865,9.14,5,5,7.378252758413991,7.500410511340826,7.439331634877409,1.030473397166378,0.49205538450499725
91,2,s2,B_holds_box_walks_second,728378,729355,9.77,5,7,5.5646058688335645,7.452005790692198,6.508305829762881,1.019232796577658,0.5504418234576168
92,1,s1,B_holds_box_walks_second,732381,733578,11.97,8,7,10.719999398074615,10.527861367165787,10.623930382620202,1.0820943318352867,0.5697521730407964
92,2,s2,B_holds_box_walks_second,735028,736226,11.98,7,9,8.647865558909839,10.439196127283369,9.543530843096605,1.096429629097841,0.48958476162980846
93,1,s1,B_holds_box_walks_second,740102,740890,7.88,3,3,4.171395581995869,4.300389749065282,4.235892665530575,0.786631070797691,0.5565333946349579
93,2,s2,B_holds_box_walks_second,741836,742687,8.51,3,3,3.9465119787396916,4.058134736148521,4.002323357444106,0.8752950537128069,0.6287541726713776
94,1,s1,B_holds_box_walks_second,745734,746207,4.73,4,2,1.824935143970339,2.507260135000011,2.166097639485175,0.3627278148743927,0.25036740448726535
94,2,s2,B_holds_box_walks_second,747247,747815,5.68,1,1,0.6049991678074353,1.6037275578212844,1.1043633628143599,0.004059331673988536,0.0011387006233925475
95,1,s1,B_holds_box_walks_second,749706,750304,5.98,3,4,4.215769816007328,4.169018322487922,4.192394069247625,0.6971068097672971,0.5566894694364382
95,2,s2,B_holds_box_walks_second,751124,752121,9.97,3,3,1.5500045089032666,3.7398270738351393,2.644915791369203,0.9401711632655972,0.4487873527606115
96,1,s1,B_holds_box_walks_second,755021,756156,11.35,7,6,10.750822373658256,10.407407749216288,10.579115061437271,1.3362174504313549,0.5516264232427612
96,2,s2,B_holds_box_walks_second,757416,758614,11.98,7,7,10.235822593155296,10.20400570064968,10.219914146902488,1.1936205847118728,0.5034652171062141
