trial,rep,bout,distance_m,package,package_code,status,snip,start_s,stop_s,duration_s,measured_m,walker,distance_error_m
1,1,1,8.0,small,2,trial interrupted,0.0,996.902572,1003.569531,6.66695900000002,7.539277469903473,right_foot_a,-0.4607225300965272
1,1,2,8.0,small,2,trial interrupted,1.0,1018.636924,1027.180277,8.543352999999911,7.991117318426094,right_foot_b,-0.008882681573905593
2,1,1,5.0,medium,3,,2.0,1109.170905,1118.588939,9.418034000000034,4.4595755038745395,right_foot_a,-0.5404244961254605
2,1,2,5.0,medium,3,,3.0,1128.502882,1134.131947,5.629065000000082,4.939959616738213,right_foot_b,-0.06004038326178662
3,1,1,12.0,medium,3,,4.0,1168.980986,1180.34091,11.359923999999864,11.53237929385355,right_foot_a,-0.4676207061464499
3,1,2,12.0,medium,3,,5.0,1197.26891,1208.547983,11.279072999999926,11.966331899369393,right_foot_b,-0.033668100630606546
4,1,1,5.0,small,2,,6.0,1279.124902,1288.328947,9.204044999999951,4.5864287423565475,right_foot_a,-0.4135712576434525
4,1,2,5.0,small,2,,7.0,1302.575893,1311.406955,8.831061999999974,4.684124671033118,left_foot_b,-0.3158753289668823
5,1,1,2.5,medium,3,,8.0,1369.005948,1374.479904,5.473956000000044,2.0760947106251755,right_foot_a,-0.4239052893748245
5,1,2,2.5,medium,3,,9.0,1380.779955,1385.954973,5.1750180000001365,2.550527370923552,left_foot_a,0.050527370923552084
6,1,1,5.0,large,4,,10.0,1461.28498,1466.939919,5.654939000000013,3.7359671998901045,right_foot_a,-1.2640328001098955
6,1,2,5.0,large,4,,11.0,1479.973982,1489.813987,9.84000500000002,5.6160342725565435,right_foot_a,0.6160342725565435
7,1,1,2.5,ring,1,DID NOT  PAUSE SECOND PARTICIPANT,12.0,1540.182948,1550.224917,10.041969000000108,1.7294231054540203,left_foot_b,-0.7705768945459797
7,1,2,2.5,ring,1,DID NOT  PAUSE SECOND PARTICIPANT,13.0,1553.854064,1559.284936,5.430871999999908,2.0309731458006013,left_foot_b,-0.4690268541993987
8,1,1,8.0,small,2,,14.0,1641.677029,1648.628996,6.951966999999968,7.113028900781522,right_foot_a,-0.8869710992184778
8,1,2,8.0,small,2,,15.0,1661.800006,1669.162948,7.3629419999999755,7.697951812923993,left_foot_b,-0.3020481870760072
9,1,1,12.0,large,4,TWO STOPS,16.0,1714.752048,1738.405957,23.653908999999885,11.4982503879192,right_foot_a,-0.5017496120808005
9,1,2,12.0,large,4,TWO STOPS,17.0,1741.349058,1755.975953,14.626894999999877,11.528059022630599,left_foot_b,-0.47194097736940144
10,1,1,2.5,medium,3,,18.0,1809.840012,1814.527016,4.687004000000115,1.8389626889000015,right_foot_a,-0.6610373110999985
10,1,2,2.5,medium,3,,19.0,1825.116015,1829.458018,4.342002999999977,4.2011405117485445,right_foot_a,1.7011405117485445
11,1,1,8.0,ring,1,,20.0,1877.361029,1884.072075,6.711046000000124,7.006476889293334,right_foot_a,-0.9935231107066658
11,1,2,8.0,ring,1,,21.0,1897.275043,1907.431055,10.156011999999919,7.8965007831445195,right_foot_b,-0.10349921685548047
12,1,1,5.0,ring,1,HELD WITH ONE HAND PARTICIPANT A,22.0,1935.342086,1946.219007,10.876920999999811,4.495606150783838,right_foot_a,-0.5043938492161617
12,1,2,5.0,ring,1,HELD WITH ONE HAND PARTICIPANT A,23.0,1950.639982,1955.842987,5.203005000000076,4.4198344296530045,left_foot_b,-0.5801655703469955
13,1,1,2.5,large,4,,24.0,2020.933086,2025.656096,4.723009999999931,1.7686063291803602,right_foot_a,-0.7313936708196398
13,1,2,2.5,large,4,,25.0,2033.961015,2039.887048,5.926032999999961,4.8724761242269174,right_foot_a,2.3724761242269174
14,1,1,2.5,large,4,,26.0,2062.520092,2067.090101,4.5700089999995726,2.012536014915225,left_foot_b,-0.48746398508477506
14,1,2,2.5,large,4,,27.0,2075.402097,2080.377003,4.974905999999919,3.17761072450416,right_foot_a,0.6776107245041598
15,1,1,12.0,large,4,,28.0,2109.385007,2118.849007,9.463999999999942,11.350175738735597,left_foot_a,-0.6498242612644027
15,1,2,12.0,large,4,,29.0,2135.709106,2146.136073,10.426967000000332,12.180747445022984,right_foot_b,0.180747445022984
16,1,1,5.0,large,4,,30.0,2186.621076,2191.824037,5.202960999999959,4.763720512493705,right_foot_a,-0.23627948750629457
16,1,2,5.0,large,4,,31.0,2204.872062,2210.540117,5.668055000000095,5.111715317145845,right_foot_b,0.11171531714584493
17,1,1,2.5,small,2,,32.0,2254.522023,2258.599044,4.077021000000059,2.0270331510498165,right_foot_a,-0.4729668489501835
17,1,2,2.5,small,2,,33.0,2266.394028,2269.992099,3.5980709999998908,3.4176927936122476,left_foot_b,0.9176927936122476
18,1,1,5.0,large,4,,34.0,2308.291035,2314.010057,5.719021999999768,4.5532416928126835,right_foot_a,-0.44675830718731646
18,1,2,5.0,large,4,,35.0,2342.435037,2349.533139,7.098101999999926,5.562944187363799,left_foot_b,0.562944187363799
19,1,1,5.0,medium,3,,36.0,2394.347051,2400.797096,6.450044999999591,3.956337999499232,left_foot_a,-1.0436620005007682
19,1,2,5.0,medium,3,,37.0,2442.492093,2446.920051,4.427958000000217,4.660371506683095,right_foot_b,-0.3396284933169049
20,1,1,5.0,ring,1,WALKTHOUGH,38.0,2496.927079,2502.37206,5.444981000000098,5.312783893069882,right_foot_a,0.31278389306988164
20,1,2,5.0,ring,1,WALKTHOUGH,39.0,2512.336121,2525.843109,13.506988000000092,4.724911334557823,left_foot_b,-0.27508866544217714
21,1,1,8.0,large,4,,40.0,2588.375074,2594.126137,5.751063000000158,7.177959136717095,right_foot_a,-0.822040863282905
21,1,2,8.0,large,4,,41.0,2609.959142,2618.156075,8.196932999999717,7.610642502900846,right_foot_b,-0.38935749709915424
22,1,1,12.0,large,4,LATE ON END EVENT,42.0,2716.625108,2727.970149,11.345041000000037,11.022646500471684,left_foot_a,-0.9773534995283164
22,1,2,12.0,large,4,LATE ON END EVENT,43.0,2745.536191,2764.572111,19.035919999999805,11.956162656248544,right_foot_b,-0.04383734375145565
23,1,1,2.5,ring,1,,44.0,2833.022102,2837.028103,4.006001000000197,2.6822744371072793,right_foot_a,0.1822744371072793
23,1,2,2.5,ring,1,,45.0,2844.697123,2849.724165,5.027042000000165,4.856452763539084,left_foot_b,2.3564527635390844
24,1,1,12.0,small,2,,46.0,2888.419159,2897.445204,9.026045000000067,11.01224093737476,right_foot_a,-0.9877590626252406
24,1,2,12.0,small,2,,47.0,2920.196211,2935.01314,14.816929000000073,11.381528998357208,right_foot_b,-0.6184710016427921
25,1,1,2.5,small,2,DID NOT PAUSE FIRST PARTICIPANT,48.0,2962.98012,2965.891122,2.911001999999826,2.1704165025637217,left_foot_a,-0.32958349743627835
25,1,2,2.5,small,2,DID NOT PAUSE FIRST PARTICIPANT,49.0,2980.917239,2986.073128,5.155889000000116,3.8379825114768513,left_foot_b,1.3379825114768513
26,1,1,8.0,ring,1,,50.0,3027.142225,3039.121227,11.979002000000037,7.751167499459682,right_foot_a,-0.2488325005403178
26,1,2,8.0,ring,1,,51.0,3046.160153,3054.58219,8.422037000000273,9.272867470670436,left_foot_b,1.2728674706704357
27,1,1,8.0,medium,3,,52.0,3096.682136,3104.295162,7.613025999999991,8.504717661732606,right_foot_a,0.5047176617326059
27,1,2,8.0,medium,3,,53.0,3117.171164,3125.967163,8.795998999999938,7.853280543927449,right_foot_b,-0.14671945607255132
28,1,1,5.0,small,2,,54.0,3184.248254,3188.800195,4.551940999999715,4.345962914815174,left_foot_a,-0.6540370851848261
28,1,2,5.0,small,2,,55.0,3199.507242,3205.906174,6.398932000000059,5.598776125021239,left_foot_b,0.5987761250212387
29,1,1,8.0,ring,1,ONE ARM HOLDING OUT BOTH PARTICIPANTS,,,,,,,
29,1,2,8.0,ring,1,ONE ARM HOLDING OUT BOTH PARTICIPANTS,56.0,3251.196206,3257.197161,6.000954999999976,7.199050509534309,right_foot_a,-0.8009494904656913
30,1,1,5.0,ring,1,,57.0,3306.824191,3313.64823,6.82403899999963,4.681258581360986,right_foot_a,-0.3187414186390143
30,1,2,5.0,ring,1,,58.0,3321.825223,3327.804191,5.97896800000035,4.904181224373689,right_foot_b,-0.09581877562631114
31,1,1,2.5,ring,1,,59.0,3354.550173,3360.662177,6.11200400000007,1.8712102332512663,right_foot_a,-0.6287897667487337
31,1,2,2.5,ring,1,,60.0,3366.453198,3371.38724,4.934041999999863,4.262904887011132,left_foot_a,1.762904887011132
32,1,1,5.0,medium,3,,61.0,3415.406206,3420.66324,5.257033999999749,4.657101350474095,right_foot_a,-0.342898649525905
32,1,2,5.0,medium,3,,62.0,3431.20027,3440.041233,8.840963000000102,5.052432434396355,left_foot_b,0.05243243439635492
33,1,1,12.0,ring,1,,63.0,3483.555248,3494.139303,10.584054999999807,11.299993580044585,right_foot_a,-0.7000064199554146
33,1,2,12.0,ring,1,,64.0,3507.448191,3517.533196,10.08500499999991,11.928376545206303,right_foot_b,-0.0716234547936967
34,1,1,2.5,small,2,,65.0,3568.491305,3573.281249,4.789944000000105,1.785828763452539,right_foot_a,-0.7141712365474611
34,1,2,2.5,small,2,,66.0,3582.612252,3588.5523,5.940047999999933,4.175593869018576,right_foot_a,1.6755938690185763
35,1,1,8.0,medium,3,,67.0,3634.974236,3642.973238,7.999002000000019,7.440791418366747,right_foot_a,-0.5592085816332526
35,1,2,8.0,medium,3,,68.0,3657.128238,3664.898316,7.770078000000012,7.7729697950817584,right_foot_b,-0.22703020491824155
36,1,1,8.0,large,4,,69.0,3709.744222,3717.231273,7.487051000000065,7.3715319254652645,right_foot_a,-0.6284680745347355
36,1,2,8.0,large,4,,70.0,3729.412229,3736.56628,7.154050999999981,7.635173338707286,left_foot_b,-0.3648266612927138
37,1,1,12.0,medium,3,,,,,,,,
37,1,2,12.0,medium,3,,,,,,,,
38,1,1,12.0,ring,1,ONE ARM HOLDING OUT BOTH PARTICIPANTS,,,,,,,
38,1,2,12.0,ring,1,ONE ARM HOLDING OUT BOTH PARTICIPANTS,71.0,3815.383262,3824.201242,8.817980000000261,11.398675409318923,right_foot_a,-0.6013245906810774
39,1,1,12.0,small,2,,72.0,3842.037241,3859.952245,17.915003999999954,11.570461417921418,right_foot_b,-0.42953858207858175
39,1,2,12.0,small,2,,73.0,3918.227301,3935.74435,17.517049000000043,11.041321067499942,right_foot_a,-0.9586789325000584
40,1,1,12.0,ring,1,MESSED UP END/ START HERE. DOUBLE CLICKS,74.0,4019.426349,4030.686731,11.260381999999936,11.797828636350225,right_foot_b,-0.20217136364977506
40,1,2,12.0,ring,1,MESSED UP END/ START HERE. DOUBLE CLICKS,75.0,4067.981296,4078.336278,10.354982000000291,12.306625245051155,right_foot_a,0.30662524505115485
41,1,1,5.0,small,2,LATE ON END EVENT P1,76.0,4154.568388,4164.90034,10.331952000000456,4.455398376603925,right_foot_a,-0.5446016233960753
41,1,2,5.0,small,2,LATE ON END EVENT P1,77.0,4172.32829,4178.984381,6.656090999999833,4.943275181042445,right_foot_b,-0.0567248189575551
42,1,1,2.5,medium,3,,78.0,4232.357323,4239.883351,7.526028000000224,2.644037031765502,right_foot_b,0.1440370317655022
42,1,2,2.5,medium,3,,79.0,4244.620298,4249.359364,4.7390660000000935,3.576372659607967,right_foot_b,1.076372659607967
43,1,1,2.5,large,4,,80.0,4296.505414,4301.622367,5.116952999999739,2.0149864634632393,right_foot_a,-0.4850135365367607
43,1,2,2.5,large,4,,81.0,4311.012331,4315.984394,4.972063000000162,3.124242636592793,left_foot_a,0.6242426365927929
44,1,1,8.0,small,2,,82.0,4362.910317,4374.80634,11.896023000000241,7.553397182614451,right_foot_a,-0.44660281738554897
44,1,2,8.0,small,2,,83.0,4381.43434,4393.949374,12.515034000000014,7.685798668113611,right_foot_b,-0.3142013318863892
45,1,1,12.0,medium,3,,84.0,4429.360329,4438.975328,9.614999000000353,11.446049038780114,left_foot_a,-0.5539509612198863
45,1,2,12.0,medium,3,,85.0,4455.015352,4465.806331,10.790978999999425,11.946771836953134,left_foot_b,-0.05322816304686562
46,1,1,12.0,small,2,,86.0,4501.017338,4511.655399,10.638061000000562,11.629385806198313,left_foot_a,-0.37061419380168736
46,1,2,12.0,small,2,,87.0,4526.692392,4540.637446,13.9450539999998,12.361050192367491,left_foot_b,0.36105019236749136
47,1,1,8.0,medium,3,,88.0,4588.378373,4597.588398,9.210025000000314,6.972215859566346,right_foot_a,-1.0277841404336536
47,1,2,8.0,medium,3,,89.0,4609.377399,4616.492354,7.114955000000009,7.647141598072659,left_foot_b,-0.35285840192734064
48,1,1,8.0,large,4,,90.0,4654.77236,4662.172423,7.400063000000046,7.4415996281507555,right_foot_a,-0.5584003718492445
48,1,2,8.0,large,4,,91.0,4677.868423,4684.297366,6.42894299999989,7.933297342736369,right_foot_b,-0.06670265726363134
1,2,1,8.0,small,2,,92.0,5087.08742,5100.125419,13.037999000000127,7.627078106902072,right_foot_a,-0.3729218930979279
1,2,2,8.0,small,2,,93.0,5108.82147,5117.876482,9.055011999999806,7.863102581022167,right_foot_b,-0.13689741897783314
2,2,1,5.0,medium,3,,94.0,5163.649426,5170.754428,7.1050020000002405,7.583882689683355,right_foot_a,2.583882689683355
2,2,2,5.0,medium,3,,95.0,5181.718482,5196.635432,14.916949999999815,5.051203828364209,left_foot_b,0.051203828364209336
3,2,1,12.0,medium,3,,96.0,5260.59946,5271.941443,11.341982999999345,11.660982322091407,right_foot_a,-0.3390176779085934
3,2,2,12.0,medium,3,,97.0,5289.904504,5302.1225,12.217996000000312,12.047400821420707,left_foot_b,0.04740082142070712
4,2,1,5.0,small,2,,99.0,5470.96747,5483.162473,12.195003000000725,7.312983815574928,right_foot_a,2.3129838155749276
4,2,2,5.0,small,2,,101.0,5691.61655,5696.231505,4.614955000000009,4.635030580738349,right_foot_a,-0.3649694192616506
5,2,1,2.5,medium,3,,102.0,5760.317567,5763.636532,3.3189650000003894,3.8152526888346987,left_foot_a,1.3152526888346987
5,2,2,2.5,medium,3,,103.0,5774.275516,5777.810515,3.5349990000004254,2.042485897253811,right_foot_a,-0.4575141027461891
6,2,1,5.0,large,4,,,,,,,,
6,2,2,5.0,large,4,,104.0,5814.391522,5821.657581,7.266059000000496,4.856335629179574,right_foot_b,-0.14366437082042616
7,2,1,2.5,ring,1,,105.0,5881.099552,5884.852584,3.7530320000005304,2.3292177305973385,left_foot_b,-0.1707822694026615
7,2,2,2.5,ring,1,,106.0,5894.448601,5897.746603,3.298001999999542,2.186710948219146,left_foot_a,-0.313289051780854
8,2,1,8.0,small,2,,107.0,5931.881583,5939.643537,7.761953999999605,7.8200981892847174,right_foot_b,-0.17990181071528255
8,2,2,8.0,small,2,,108.0,5953.868614,5961.864563,7.99594900000011,7.285787156631837,right_foot_a,-0.7142128433681627
9,2,1,12.0,large,4,PARTICIPANT VERIFYING ON WAY BACK PARTICIPANT A 12M,109.0,5996.681544,6005.420566,8.73902199999975,11.18370160425602,left_foot_b,-0.8162983957439796
9,2,2,12.0,large,4,PARTICIPANT VERIFYING ON WAY BACK PARTICIPANT A 12M,110.0,6023.979547,6033.007601,9.028054000000338,11.121427526125087,left_foot_a,-0.8785724738749128
10,2,1,2.5,medium,3,,111.0,6101.082623,6112.486618,11.403994999999668,2.5190537466281437,right_foot_b,0.019053746628143742
10,2,2,2.5,medium,3,,112.0,6116.459581,6120.916627,4.457045999999536,1.910716382748603,right_foot_a,-0.5892836172513971
11,2,1,8.0,ring,1,,113.0,6153.896567,6162.079527,8.182960000000094,8.121946808962262,right_foot_b,0.12194680896226195
11,2,2,8.0,ring,1,,114.0,6176.857591,6185.274588,8.416997000000265,8.475231967277171,right_foot_a,0.4752319672771712
12,2,1,5.0,ring,1,,115.0,6211.300492,6217.513518,6.213025999999445,4.6444848326304715,left_foot_b,-0.3555151673695285
12,2,2,5.0,ring,1,,116.0,6227.567549,6231.874507,4.306958000000122,4.039951814345311,left_foot_a,-0.9600481856546894
13,2,1,2.5,large,4,,117.0,6281.370515,6289.132533,7.762018000000353,2.8653824315332197,left_foot_a,0.3653824315332197
13,2,2,2.5,large,4,,118.0,6297.671497,6302.911587,5.240089999999327,2.2708057812943943,right_foot_a,-0.22919421870560575
14,2,1,2.5,large,4,,119.0,6319.221611,6323.309493,4.087881999999809,3.1363364523647363,right_foot_a,0.6363364523647363
14,2,2,2.5,large,4,,120.0,6335.139596,6338.971629,3.832032999999683,2.317030599092777,left_foot_a,-0.1829694009072229
15,2,1,12.0,large,4,,,,,,,,
15,2,2,12.0,large,4,,121.0,6366.583567,6377.121521,10.537954000000354,12.189261194474922,right_foot_b,0.18926119447492162
16,2,1,5.0,large,4,,122.0,6461.158576,6468.241473,7.08289700000023,5.480368692285613,left_foot_b,0.4803686922856132
16,2,2,5.0,large,4,,123.0,6481.048503,6487.013523,5.96501999999964,5.360315934079386,left_foot_a,0.3603159340793862
17,2,1,2.5,small,2,,124.0,6528.846491,6533.142534,4.296042999999372,2.9475677135627962,left_foot_a,0.44756771356279623
17,2,2,2.5,small,2,,125.0,6541.312592,6547.328552,6.015959999999723,2.098296369998282,right_foot_a,-0.4017036300017178
18,2,1,5.0,large,4,,,,,,,,
18,2,2,5.0,large,4,,126.0,6575.939543,6581.442513,5.50296999999955,4.921541068330794,right_foot_b,-0.07845893166920614
19,2,1,5.0,medium,3,,127.0,6636.630699,6642.010658,5.379958999999872,4.756665715589671,right_foot_b,-0.243334284410329
19,2,2,5.0,medium,3,,128.0,6654.245643,6659.891696,5.646052999999483,5.343516570221286,left_foot_a,0.34351657022128634
20,2,1,5.0,ring,1,,129.0,6736.904711,6742.766651,5.861939999999777,4.83053027960549,left_foot_b,-0.1694697203945097
20,2,2,5.0,ring,1,,130.0,6752.502753,6757.271657,4.768904000000475,4.63634589357525,right_foot_a,-0.36365410642475027
21,2,1,8.0,large,4,,131.0,6851.802668,6861.179734,9.377066000000013,7.530334535297671,left_foot_b,-0.46966546470232906
21,2,2,8.0,large,4,,132.0,6873.922717,6882.145724,8.223006999999598,7.390005485465009,right_foot_a,-0.609994514534991
22,2,1,12.0,large,4,,133.0,6953.232796,6964.702743,11.469946999999593,11.727887149112126,right_foot_b,-0.27211285088787385
22,2,2,12.0,large,4,,134.0,6995.048746,7007.477688,12.428941999999552,15.164009822487733,right_foot_a,3.164009822487733
23,2,1,2.5,ring,1,,,,,,,,
23,2,2,2.5,ring,1,,135.0,7058.844771,7066.647719,7.80294799999956,2.3756372566510273,right_foot_a,-0.12436274334897268
24,2,1,12.0,small,2,,136.0,7102.175705,7113.259705,11.084000000000742,12.194338740036216,left_foot_b,0.19433874003621554
24,2,2,12.0,small,2,,137.0,7127.946729,7136.950754,9.004025000000183,11.370520695016543,right_foot_a,-0.629479304983457
25,2,1,2.5,small,2,,138.0,7168.871731,7172.554808,3.6830769999996846,2.5464288314085386,left_foot_b,0.046428831408538596
25,2,2,2.5,small,2,,139.0,7200.833818,7206.364742,5.530923999999686,1.952647639737071,left_foot_a,-0.5473523602629291
26,2,1,8.0,ring,1,,,,,,,,
26,2,2,8.0,ring,1,,140.0,7262.40379,7269.077825,6.6740350000000035,7.530035998436108,right_foot_a,-0.4699640015638922
27,2,1,8.0,medium,3,,141.0,7314.641832,7328.069813,13.427980999999818,7.991849863532912,left_foot_b,-0.008150136467087954
27,2,2,8.0,medium,3,,142.0,7337.322793,7345.749799,8.427005999999892,8.947659456083699,right_foot_a,0.9476594560836986
28,2,1,5.0,small,2,,143.0,7385.587786,7391.439764,5.85197799999969,4.900514733491862,right_foot_b,-0.09948526650813783
28,2,2,5.0,small,2,,144.0,7404.06079,7409.849746,5.788955999999416,4.672269685447668,right_foot_a,-0.3277303145523316
29,2,1,8.0,ring,1,,145.0,7469.000754,7476.883801,7.883047000000261,7.293406738127197,right_foot_a,-0.7065932618728032
29,2,2,8.0,ring,1,,146.0,7498.536756,7504.207761,5.671004999999241,7.053130220227735,left_foot_a,-0.9468697797722649
30,2,1,5.0,ring,1,,,,,,,,
30,2,2,5.0,ring,1,,,,,,,,
31,2,1,2.5,ring,1,,147.0,7541.561764,7550.986789,9.42502499999955,2.977179073068866,left_foot_a,0.4771790730688661
31,2,2,2.5,ring,1,,148.0,7556.393824,7564.348834,7.955010000000584,1.6931400811205068,right_foot_a,-0.8068599188794932
32,2,1,5.0,medium,3,,149.0,7596.606769,7603.66277,7.056000999999924,6.514954941587134,right_foot_b,1.514954941587134
32,2,2,5.0,medium,3,,150.0,7613.576793,7626.838773,13.261980000000221,4.758821152820536,left_foot_a,-0.24117884717946403
33,2,1,12.0,ring,1,,151.0,7666.132782,7678.387808,12.255026000000726,12.669238326035545,right_foot_b,0.6692383260355452
33,2,2,12.0,ring,1,,152.0,7695.695786,7707.803788,12.108001999999942,11.559276402200155,right_foot_a,-0.4407235977998454
34,2,1,2.5,small,2,,153.0,7750.00789,7754.943817,4.935927000000447,2.3903041968831014,left_foot_b,-0.10969580311689864
34,2,2,2.5,small,2,,154.0,7764.088858,7767.833856,3.7449980000001233,1.6037562144260293,left_foot_a,-0.8962437855739707
35,2,1,8.0,medium,3,,155.0,7808.693803,7816.069896,7.376092999999855,8.104213649660899,right_foot_b,0.10421364966089897
35,2,2,8.0,medium,3,,156.0,7829.581863,7836.807869,7.22600599999987,8.92061156324722,right_foot_a,0.9206115632472205
36,2,1,8.0,large,4,,157.0,7901.81291,7909.436835,7.623925000000781,7.823462902687665,left_foot_b,-0.1765370973123348
36,2,2,8.0,large,4,,158.0,7926.001878,7932.825865,6.823986999999761,7.2800400912723084,left_foot_a,-0.7199599087276916
37,2,1,12.0,medium,3,,,,,,,,
37,2,2,12.0,medium,3,,,,,,,,
38,2,1,12.0,ring,1,,159.0,8011.326832,8022.453845,11.127013000000261,11.703111042575813,right_foot_b,-0.2968889574241871
38,2,2,12.0,ring,1,,160.0,8038.933952,8048.90885,9.974897999999484,12.466169189271232,left_foot_a,0.4661691892712323
39,2,1,12.0,small,2,,161.0,8080.785839,8095.163867,14.378028000000086,11.943089184419799,right_foot_b,-0.056910815580200946
39,2,2,12.0,small,2,,162.0,8106.472938,8116.293947,9.821009000000231,11.131884011732241,left_foot_a,-0.8681159882677587
40,2,1,12.0,ring,1,LARGE BAND ON WALK BACK,163.0,8216.846581,8228.335517,11.48893599999974,11.927287822066674,right_foot_b,-0.07271217793332596
40,2,2,12.0,ring,1,LARGE BAND ON WALK BACK,164.0,8243.241911,8253.524912,10.283001000001605,11.090865244373283,right_foot_a,-0.9091347556267166
41,2,1,5.0,small,2,,165.0,8303.184913,8309.131874,5.946961000001465,5.382449990666841,right_foot_a,0.38244999066684127
41,2,2,5.0,small,2,,166.0,8320.502936,8326.195969,5.693032999999559,4.517896475351124,left_foot_a,-0.48210352464887585
42,2,1,2.5,medium,3,,,,,,,,
42,2,2,2.5,medium,3,,,,,,,,
43,2,1,2.5,large,4,,167.0,8362.048928,8367.979905,5.930976999999984,3.7900364718998074,right_foot_a,1.2900364718998074
43,2,2,2.5,large,4,,168.0,8375.206884,8380.460884,5.254000000000815,2.278516166894426,right_foot_a,-0.22148383310557396
44,2,1,8.0,small,2,,169.0,8416.47591,8421.836954,5.3610440000011295,4.55291330713454,right_foot_b,-3.4470866928654598
44,2,2,8.0,small,2,,170.0,8476.551916,8484.214953,7.663037000000259,7.650270460987288,left_foot_b,-0.34972953901271175
45,2,1,12.0,medium,3,,,,,,,,
45,2,2,12.0,medium,3,,171.0,8566.793974,8577.122937,10.32896299999993,11.402515350509761,left_foot_a,-0.597484649490239
46,2,1,12.0,small,2,,172.0,8616.867917,8628.517968,11.65005100000053,12.267608342209654,left_foot_b,0.26760834220965357
46,2,2,12.0,small,2,,173.0,8642.923984,8652.91094,9.986956000000646,11.067668724798631,right_foot_a,-0.9323312752013688
47,2,1,8.0,medium,3,,,,,,,,
47,2,2,8.0,medium,3,,174.0,8687.486931,8694.008949,6.522017999999662,7.740278578710289,right_foot_b,-0.25972142128971143
48,2,1,8.0,large,4,,175.0,8745.617939,8753.317974,7.700034999999843,8.181057753575057,right_foot_b,0.1810577535750575
48,2,2,8.0,large,4,,176.0,8768.161991,8774.867939,6.705947999998898,7.3123108083218895,left_foot_a,-0.6876891916781105
