trial,rep,bout,category,note,why,action,tool,already_rescored
1,1,1,NODATA,no presses; known missed trial-rep,"No matched snip: never clicked, or missed by the alignment.",Score it by hand: click the start and stop of this walk.,"G3 (click), or G4 (type the times)",False
1,1,2,NODATA,no presses,"No matched snip: never clicked, or missed by the alignment.",Score it by hand: click the start and stop of this walk.,"G3 (click), or G4 (type the times)",False
37,2,1,NODATA,"""disaster, no step data"": matched snip has 0 steps, walked 0.06 m","Matched snip has 0.0 steps and walked 0.06 m: standing drift, not a walk.","Mark it not happened, then score the real walk by hand if there is one.","G4: scoring.unmatch, then G3 / set_window",False
37,2,2,NODATA,bout missed by the alignment,"No matched snip: never clicked, or missed by the alignment.",Score it by hand: click the start and stop of this walk.,"G3 (click), or G4 (type the times)",False
12,1,2,FIRST,possible missed first step; start at the -1 s search limit,Unchanged: the first step is probably slower than the 1.25 m/s that counts as a real step.,Drag the start earlier to include the first step.,G2 (drag),False
23,1,2,FIRST,didn't pick up first step; a swing ends just before the start [?bout],Gained a step (steps 7 -> 8.0) but there is still stepping just before the new start.,Drag the start earlier to the first real step.,G2 (drag),False
28,2,2,FIRST,needs to include first step [?bout],Unchanged: the first step is probably slower than the 1.25 m/s that counts as a real step.,Drag the start earlier to include the first step.,G2 (drag),False
46,1,2,FIRST,possible missed first step; a swing ends before the start,Start moved but no step gained.,Drag the start earlier to include the first step.,G2 (drag),False
27,2,2,DIST,"""5.5 / 5""; walked 5.3 now",Still reads over target: walked 5.34 m for 5 m (most bouts read ~0.6 m under).,Check the end and the last footsteps for drift; drag the end earlier if the walk ends sooner.,G2 (drag),False
38,2,2,DIST,"""1 m over expected""; walked 2.6 now",Still reads over target: walked 2.63 m for 2.5 m (most bouts read ~0.6 m under).,Check the end and the last footsteps for drift; drag the end earlier if the walk ends sooner.,G2 (drag),False
42,2,2,DIST,"""both over distance""; walked 2.85 now",Still reads over target: walked 2.85 m for 2.5 m (most bouts read ~0.6 m under).,Check the end and the last footsteps for drift; drag the end earlier if the walk ends sooner.,G2 (drag),False
4,2,1,STOP?,"botched trial, video review",She asked for video. The data shows no clear problem either way.,"Check the video; if the end or start is wrong, drag it.","Video, then G2 (drag)",False
4,2,2,STOP?,"botched trial, video review",She asked for video. The data shows no clear problem either way.,"Check the video; if the end or start is wrong, drag it.","Video, then G2 (drag)",False
13,2,1,STOP?,bout 1 watch video,She asked for video. The data shows no clear problem either way.,"Check the video; if the end or start is wrong, drag it.","Video, then G2 (drag)",False
18,1,2,STOP?,watch video to see end,She asked for video. The data shows no clear problem either way.,"Check the video; if the end or start is wrong, drag it.","Video, then G2 (drag)",False
20,1,2,STOP?,watch video; extended 2 s,She asked for video. The data shows no clear problem either way.,"Check the video; if the end or start is wrong, drag it.","Video, then G2 (drag)",False
20,2,2,STOP?,watch video,She asked for video. The data shows no clear problem either way.,"Check the video; if the end or start is wrong, drag it.","Video, then G2 (drag)",False
41,2,1,STOP?,verify Stop button accuracy,She asked for video. The data shows no clear problem either way.,"Check the video; if the end or start is wrong, drag it.","Video, then G2 (drag)",False
43,1,2,STOP?,"""shorten to not include last step?""",She asked for video. The data shows no clear problem either way.,"Check the video; if the end or start is wrong, drag it.","Video, then G2 (drag)",False
43,2,1,STOP?,watch video bout 1,She asked for video. The data shows no clear problem either way.,"Check the video; if the end or start is wrong, drag it.","Video, then G2 (drag)",False
1,2,1,LAST,"""rep 1 ... missing last step"" [?which bout]",A slow closing step (under 1.25 m/s) follows the gait end and is not counted.,Look at the last footsteps; drag the end later if the closing step belongs to the walk. Worth ~0.1 m.,G2 (drag),False
2,1,1,LAST,missed last step; walked 10.7/12,A slow closing step (under 1.25 m/s) follows the gait end and is not counted.,Look at the last footsteps; drag the end later if the closing step belongs to the walk. Worth ~0.1 m.,G2 (drag),False
2,1,2,LAST,"missed last step; walked 10.6/12, stop not found",No code change addresses this; the end may sit one step early.,Look at the last footsteps; drag the end later if the closing step belongs to the walk. Worth ~0.1 m.,G2 (drag),False
3,2,2,LAST,"""bout 2 corrected"": 4 steps, 2.1 s gait, 3 swings after the end [?direction]",No code change addresses this; the end may sit one step early.,Look at the last footsteps; drag the end later if the closing step belongs to the walk. Worth ~0.1 m.,G2 (drag),False
10,1,1,LAST,"""didn't select whole bout""; 10.4/12, needed a 2 s extension",No code change addresses this; the end may sit one step early.,Look at the last footsteps; drag the end later if the closing step belongs to the walk. Worth ~0.1 m.,G2 (drag),True
34,1,2,LAST,potential missed end step,A slow closing step (under 1.25 m/s) follows the gait end and is not counted.,Look at the last footsteps; drag the end later if the closing step belongs to the walk. Worth ~0.1 m.,G2 (drag),False
35,2,2,LAST,potentially missed last step [?bout],A slow closing step (under 1.25 m/s) follows the gait end and is not counted.,Look at the last footsteps; drag the end later if the closing step belongs to the walk. Worth ~0.1 m.,G2 (drag),False
37,1,2,LAST,"last step missed; 4 steps, 1.7/2.5",A slow closing step (under 1.25 m/s) follows the gait end and is not counted.,Look at the last footsteps; drag the end later if the closing step belongs to the walk. Worth ~0.1 m.,G2 (drag),False
38,1,2,LAST,potentially missed last step,A slow closing step (under 1.25 m/s) follows the gait end and is not counted.,Look at the last footsteps; drag the end later if the closing step belongs to the walk. Worth ~0.1 m.,G2 (drag),False
44,1,2,LAST,"""last step looks odd""",No code change addresses this; the end may sit one step early.,Look at the last footsteps; drag the end later if the closing step belongs to the walk. Worth ~0.1 m.,G2 (drag),False
46,2,1,LAST,"""extended to capture blue step""; 2 swings between gait end and Stop press",No code change addresses this; the end may sit one step early.,Look at the last footsteps; drag the end later if the closing step belongs to the walk. Worth ~0.1 m.,G2 (drag),False
